,loss,learning_rate,epoch,step,eval_loss,eval_accuracy,eval_precision,eval_recall,eval_macro_f1,eval_f1,eval_runtime,eval_samples_per_second,eval_steps_per_second,train_runtime,train_samples_per_second,train_steps_per_second,total_flos,train_loss
0,1.0979,1.3765586034912719e-05,0.62,500,,,,,,,,,,,,,,
1,,,1.0,802,1.018060564994812,0.5511540860885838,0.5109231458833916,0.5511540860885838,0.32023769737711655,0.4831581612757074,535.3285,5.989,0.375,,,,,
2,1.0211,7.531172069825436e-06,1.25,1000,,,,,,,,,,,,,,
3,0.9399,1.2967581047381548e-06,1.87,1500,,,,,,,,,,,,,,
4,,,2.0,1604,1.0137065649032593,0.5464753587024329,0.5223246676079183,0.5464753587024329,0.37793479797918217,0.5119931414077725,523.5132,6.124,0.384,,,,,
5,,,2.0,1604,,,,,,,,,,13332.5557,1.923,0.12,849146310942720.0,1.0153223308839108
