,loss,learning_rate,epoch,step,eval_loss,eval_accuracy,eval_precision,eval_recall,eval_macro_f1,eval_f1,eval_runtime,eval_samples_per_second,eval_steps_per_second,train_runtime,train_samples_per_second,train_steps_per_second,total_flos,train_loss
0,1.1062,1.3765586034912719e-05,0.62,500,,,,,,,,,,,,,,
1,,,1.0,802,1.023797631263733,0.533686837180287,0.4830255947152913,0.533686837180287,0.24665155723585702,0.43945976304664586,559.5532,5.73,0.359,,,,,
2,1.0316,7.531172069825436e-06,1.25,1000,,,,,,,,,,,,,,
3,0.9484,1.2967581047381548e-06,1.87,1500,,,,,,,,,,,,,,
4,,,2.0,1604,1.0174630880355835,0.5508421709295072,0.5350479973480397,0.5508421709295072,0.34014066519210456,0.5109613060288064,541.6349,5.919,0.371,,,,,
5,,,2.0,1604,,,,,,,,,,13543.0664,1.893,0.118,849146310942720.0,1.023853487504688
